"STATION","NAME","DATE","PRCP","SNOW","SNWD","TMAX","TMIN","TOBS","WESD","WESF","WT01","WT03","WT06"
"USC00198368","NWS BOSTON NORTON, MA US","2023-01-01","0.69","0.0","0.0","56","43","47","0.0","0.0",,,
"USC00198368","NWS BOSTON NORTON, MA US","2023-01-02","0.00","0.0","0.0","53","29","29","0.0","0.0",,,
"USC00198368","NWS BOSTON NORTON, MA US","2023-01-03","0.01","0.0","0.0","48","29","34","0.0","0.0",,,
"USC00198368","NWS BOSTON NORTON, MA US","2023-01-04","0.83","0.0","0.0","51","34","40",,,"    1",,
"USC00198368","NWS BOSTON NORTON, MA US","2023-01-05","0.21","0.0","0.0","46","40","44","0.0","0.0",,,
"USC00198368","NWS BOSTON NORTON, MA US","2023-01-06","0.01","0.0","0.0","44","34","34","0.0","0.0",,,
"USC00198368","NWS BOSTON NORTON, MA US","2023-01-07","0.14","0.0","0.0","37","31","32","0.0","0.0","    1",,
"USC00198368","NWS BOSTON NORTON, MA US","2023-01-08","0.00","0.0","0.0","43","25","25","0.0",,,,
"USC00198368","NWS BOSTON NORTON, MA US","2023-01-09","0.01","0.2","0.0","36","24","30","0.0",,,,
"USC00198368","NWS BOSTON NORTON, MA US","2023-01-10","0.00","0.0","0.0","42","26","33","0.0","0.0",,,
"USC00198368","NWS BOSTON NORTON, MA US","2023-01-11","0.00","0.0","0.0","41","23","23","0.0","0.0",,,
"USC00198368","NWS BOSTON NORTON, MA US","2023-01-12","0.00","0.0","0.0","35","23","33","0.0","0.0",,,
"USC00198368","NWS BOSTON NORTON, MA US","2023-01-13","1.22","0.0","0.0","57","33","55","0.0","0.0",,,
"USC00198368","NWS BOSTON NORTON, MA US","2023-01-14","0.14","0.0","0.0","55","33","33","0.0","0.0",,,
"USC00198368","NWS BOSTON NORTON, MA US","2023-01-15","0.00","0.0","0.0","34","32","34","0.0","0.0",,,
"USC00198368","NWS BOSTON NORTON, MA US","2023-01-16","0.02","0.3","0.0","36","29","31","0.0",,,,
"USC00198368","NWS BOSTON NORTON, MA US","2023-01-17","0.11","0.8","1.0","33","27","27",,,,,
"USC00198368","NWS BOSTON NORTON, MA US","2023-01-18","0.00","0.0","0.0","50","27","39","0.0","0.0",,,
"USC00198368","NWS BOSTON NORTON, MA US","2023-01-19","0.00","0.0","0.0","51","30","31","0.0","0.0",,,
"USC00198368","NWS BOSTON NORTON, MA US","2023-01-20","1.23","0.0","0.0","40","31","35","0.0","0.0",,,
"USC00198368","NWS BOSTON NORTON, MA US","2023-01-21","0.14","0.1","0.0","35","30","30",,,,,
"USC00198368","NWS BOSTON NORTON, MA US","2023-01-22","0.00","0.0","0.0","34","29","29",,,,,
"USC00198368","NWS BOSTON NORTON, MA US","2023-01-23","1.03","0.0","0.0","38","29","37","0.0","0.0",,,
"USC00198368","NWS BOSTON NORTON, MA US","2023-01-24","0.29","1.6","2.0","37","26","29",,"0.3",,,
"USC00198368","NWS BOSTON NORTON, MA US","2023-01-25","0.00","0.0","0.0","38","26","26",,"0.0",,,
"USC00198368","NWS BOSTON NORTON, MA US","2023-01-26","1.35","0.2","0.0","55","26","53","0.0",,,,
"USC00198368","NWS BOSTON NORTON, MA US","2023-01-27","0.00","0.0","0.0","53","27","28","0.0","0.0",,,
"USC00198368","NWS BOSTON NORTON, MA US","2023-01-28","0.00","0.0","0.0","41","25","28","0.0","0.0",,,
"USC00198368","NWS BOSTON NORTON, MA US","2023-01-29","0.00","0.0","0.0","50","28","29","0.0","0.0",,,
"USC00198368","NWS BOSTON NORTON, MA US","2023-01-30","0.00","0.0","0.0","51","29","31","0.0","0.0",,,
"USC00198368","NWS BOSTON NORTON, MA US","2023-01-31","0.05","0.1","0.0","51","31","33","0.0",,,,
"USC00198368","NWS BOSTON NORTON, MA US","2023-02-01","0.00","0.0","0.0","38","20","21","0.0","0.0",,,
"USC00198368","NWS BOSTON NORTON, MA US","2023-02-02","0.00","0.0","0.0","31","16","16","0.0","0.0",,,
"USC00198368","NWS BOSTON NORTON, MA US","2023-02-03","0.00","0.0","0.0","37","16","29","0.0","0.0",,,
"USC00198368","NWS BOSTON NORTON, MA US","2023-02-04","0.00","0.0","0.0","29","-10","-10","0.0","0.0",,,
"USC00198368","NWS BOSTON NORTON, MA US","2023-02-05","0.00","0.0","0.0","22","-10","21","0.0","0.0",,,
"USC00198368","NWS BOSTON NORTON, MA US","2023-02-06","0.00","0.0","0.0","48","21","28","0.0","0.0",,,
"USC00198368","NWS BOSTON NORTON, MA US","2023-02-07","0.00","0.0","0.0","48","25","25","0.0","0.0",,,
"USC00198368","NWS BOSTON NORTON, MA US","2023-02-08","0.05","0.0","0.0","37","25","31","0.0","0.0",,,
"USC00198368","NWS BOSTON NORTON, MA US","2023-02-09","0.00","0.0","0.0","47","25","26","0.0","0.0",,,
"USC00198368","NWS BOSTON NORTON, MA US","2023-02-10","0.00","0.0","0.0","53","26","46","0.0","0.0",,,
"USC00198368","NWS BOSTON NORTON, MA US","2023-02-11","0.00","0.0","0.0","65","32","35","0.0","0.0",,,
"USC00198368","NWS BOSTON NORTON, MA US","2023-02-12","0.00","0.0","0.0","44","24","31","0.0","0.0",,,
"USC00198368","NWS BOSTON NORTON, MA US","2023-02-13","0.00","0.0","0.0","50","31","41","0.0","0.0",,,
"USC00198368","NWS BOSTON NORTON, MA US","2023-02-14","0.00","0.0","0.0","45","32","38","0.0","0.0",,,
"USC00198368","NWS BOSTON NORTON, MA US","2023-02-15","0.00","0.0","0.0","51","27","31","0.0","0.0",,,
"USC00198368","NWS BOSTON NORTON, MA US","2023-02-16","0.00","0.0","0.0","56","31","40","0.0","0.0",,,
"USC00198368","NWS BOSTON NORTON, MA US","2023-02-17","0.00","0.0","0.0","66","39","49","0.0","0.0",,,
"USC00198368","NWS BOSTON NORTON, MA US","2023-02-18","0.20","0.3","0.0","56","21","22","0.0",,,,
"USC00198368","NWS BOSTON NORTON, MA US","2023-02-19","0.00","0.0","0.0","39","21","26",,,,,
"USC00198368","NWS BOSTON NORTON, MA US","2023-02-20","0.00","0.0","0.0","48","26","45","0.0","0.0","    1",,
"USC00198368","NWS BOSTON NORTON, MA US","2023-02-21","0.03","0.0","0.0","60","36","36","0.0","0.0",,,
"USC00198368","NWS BOSTON NORTON, MA US","2023-02-22","0.16","0.2","0.0","39","29","29","0.0",,,,
"USC00198368","NWS BOSTON NORTON, MA US","2023-02-23","0.57","0.0","0.0","44","29","35","0.0","0.0",,,
"USC00198368","NWS BOSTON NORTON, MA US","2023-02-24","0.15","0.0","0.0","36","29","33","0.0","0.0",,,"    1"
"USC00198368","NWS BOSTON NORTON, MA US","2023-02-25","0.00","0.0","0.0","38","14","15",,,,,
"USC00198368","NWS BOSTON NORTON, MA US","2023-02-26","0.01","0.0","1.0","23","15","21",,,,,
"USC00198368","NWS BOSTON NORTON, MA US","2023-02-27","0.00","0.0","0.0","37","21","27","0.0","0.0",,,
"USC00198368","NWS BOSTON NORTON, MA US","2023-02-28","0.23","2.7","3.0","35","27","32",,,,,
"USC00198368","NWS BOSTON NORTON, MA US","2023-03-01","0.21","0.2","1.0","36","27","29",,,,,
"USC00198368","NWS BOSTON NORTON, MA US","2023-03-02","0.09","0.0","0.0","46","29","38","0.0","0.0",,,
"USC00198368","NWS BOSTON NORTON, MA US","2023-03-03","0.00","0.0","0.0","44","27","28","0.0","0.0",,,
"USC00198368","NWS BOSTON NORTON, MA US","2023-03-04","0.44","0.5","0.0","46","28","35","0.0",,,,
"USC00198368","NWS BOSTON NORTON, MA US","2023-03-05","0.34","0.0","0.0","37","27","29",,,,,
"USC00198368","NWS BOSTON NORTON, MA US","2023-03-06","0.00","0.0","0.0","45","28","35","0.0","0.0",,,
"USC00198368","NWS BOSTON NORTON, MA US","2023-03-07","0.00","0.0","0.0","49","34","34","0.0","0.0",,,
"USC00198368","NWS BOSTON NORTON, MA US","2023-03-08","0.00","0.0","0.0","40","29","31","0.0","0.0",,,
"USC00198368","NWS BOSTON NORTON, MA US","2023-03-09","0.00","0.0","0.0","46","31","36","0.0","0.0",,,
"USC00198368","NWS BOSTON NORTON, MA US","2023-03-10","0.00","0.0","0.0","49","25","37","0.0","0.0",,,
"USC00198368","NWS BOSTON NORTON, MA US","2023-03-11","0.08","0.0","0.0","51","27","36","0.0","0.0",,,
"USC00198368","NWS BOSTON NORTON, MA US","2023-03-12","0.08","0.0","0.0","38","31","31","0.0","0.0",,,
"USC00198368","NWS BOSTON NORTON, MA US","2023-03-13","0.00","0.0","0.0","42","31","35","0.0","0.0",,,
"USC00198368","NWS BOSTON NORTON, MA US","2023-03-14","1.31","0.0","0.0","43","35","42","0.0","0.0",,,
"USC00198368","NWS BOSTON NORTON, MA US","2023-03-15","1.75","0.6","0.0","43","33","35","0.0",,,,
"USC00198368","NWS BOSTON NORTON, MA US","2023-03-16","0.00","0.0","0.0","43","33","34","0.0","0.0",,,
"USC00198368","NWS BOSTON NORTON, MA US","2023-03-17","0.00","0.0","0.0","51","33","37","0.0","0.0",,,
"USC00198368","NWS BOSTON NORTON, MA US","2023-03-18","0.03","0.0","0.0","54","37","44","0.0","0.0",,,
"USC00198368","NWS BOSTON NORTON, MA US","2023-03-19","0.00","0.0","0.0","53","29","30",,,,,
"USC00198368","NWS BOSTON NORTON, MA US","2023-03-20","0.00","0.0","0.0","40","24","24",,,,,
"USC00198368","NWS BOSTON NORTON, MA US","2023-03-21","0.00","0.0","0.0","51","24","26","0.0","0.0",,,
"USC00198368","NWS BOSTON NORTON, MA US","2023-03-22","0.00","0.0","0.0","60","24","32","0.0","0.0",,,
"USC00198368","NWS BOSTON NORTON, MA US","2023-03-23","0.00","0.0","0.0","60","32","47","0.0",,,,
"USC00198368","NWS BOSTON NORTON, MA US","2023-03-24","0.02","0.0","0.0","58","43","43","0.0","0.0",,,
"USC00198368","NWS BOSTON NORTON, MA US","2023-03-25","0.00","0.0","0.0","53","28","31","0.0","0.0",,,
"USC00198368","NWS BOSTON NORTON, MA US","2023-03-26","0.17","0.0","0.0","42","31","41","0.0","0.0",,,
"USC00198368","NWS BOSTON NORTON, MA US","2023-03-27","0.00","0.0","0.0","59","29","30","0.0","0.0",,,
"USC00198368","NWS BOSTON NORTON, MA US","2023-03-28","0.54","0.0","0.0","61","30","37","0.0","0.0",,,
"USC00198368","NWS BOSTON NORTON, MA US","2023-03-29","0.05","0.0","0.0","45","27","28","0.0","0.0",,,
"USC00198368","NWS BOSTON NORTON, MA US","2023-03-30","0.06","0.0","0.0","52","28","31",,,,,
"USC00198368","NWS BOSTON NORTON, MA US","2023-03-31","0.00","0.0","0.0","41","23","23",,,,,
"USC00198368","NWS BOSTON NORTON, MA US","2023-04-01","0.07","0.0","0.0","52","23","44","0.0","0.0",,,
"USC00198368","NWS BOSTON NORTON, MA US","2023-04-02","0.46","0.0","0.0","57","43","43","0.0","0.0",,,
"USC00198368","NWS BOSTON NORTON, MA US","2023-04-03","0.00","0.0","0.0","48","24","25","0.0","0.0",,,
"USC00198368","NWS BOSTON NORTON, MA US","2023-04-04","0.00","0.0","0.0","52","25","44","0.0","0.0",,,
"USC00198368","NWS BOSTON NORTON, MA US","2023-04-05","0.00","0.0","0.0","70","44","47","0.0","0.0",,,
"USC00198368","NWS BOSTON NORTON, MA US","2023-04-06","0.02","0.0","0.0","47","40","41",,,"    1",,
"USC00198368","NWS BOSTON NORTON, MA US","2023-04-07","0.03","0.0","0.0","63","41","51","0.0","0.0",,,
"USC00198368","NWS BOSTON NORTON, MA US","2023-04-08","0.00","0.0","0.0","61","29","30",,,,,
"USC00198368","NWS BOSTON NORTON, MA US","2023-04-09","0.00","0.0","0.0","51","26","28","0.0","0.0",,,
"USC00198368","NWS BOSTON NORTON, MA US","2023-04-10","0.00","0.0","0.0","53","27","29","0.0","0.0",,,
"USC00198368","NWS BOSTON NORTON, MA US","2023-04-11","0.00","0.0","0.0","64","28","35","0.0","0.0",,,
"USC00198368","NWS BOSTON NORTON, MA US","2023-04-12","0.00","0.0","0.0","76","35","61",,,,,
"USC00198368","NWS BOSTON NORTON, MA US","2023-04-13","0.00","0.0","0.0","74","45","46","0.0","0.0",,,
"USC00198368","NWS BOSTON NORTON, MA US","2023-04-14","0.00","0.0","0.0","88","46","56","0.0","0.0",,,
"USC00198368","NWS BOSTON NORTON, MA US","2023-04-15","0.00","0.0","0.0","91","49","49","0.0","0.0",,,
"USC00198368","NWS BOSTON NORTON, MA US","2023-04-16","0.01","0.0","0.0","77","49","51","0.0","0.0",,,
"USC00198368","NWS BOSTON NORTON, MA US","2023-04-17","0.00","0.0","0.0","63","49","49","0.0","0.0",,,
"USC00198368","NWS BOSTON NORTON, MA US","2023-04-18","0.03","0.0","0.0","59","44","47","0.0","0.0",,,
"USC00198368","NWS BOSTON NORTON, MA US","2023-04-19","0.00","0.0","0.0","61","42","43","0.0","0.0",,,
"USC00198368","NWS BOSTON NORTON, MA US","2023-04-20","0.00","0.0","0.0","51","40","41","0.0","0.0",,,
"USC00198368","NWS BOSTON NORTON, MA US","2023-04-21","0.00","0.0","0.0","65","39","46","0.0","0.0",,,
"USC00198368","NWS BOSTON NORTON, MA US","2023-04-22","0.00","0.0","0.0","63","44","48","0.0","0.0",,,
"USC00198368","NWS BOSTON NORTON, MA US","2023-04-23","0.33","0.0","0.0","57","48","51","0.0","0.0",,,
"USC00198368","NWS BOSTON NORTON, MA US","2023-04-24","0.75","0.0","0.0","53","45","45","0.0","0.0",,,
"USC00198368","NWS BOSTON NORTON, MA US","2023-04-25","0.01","0.0","0.0","63","44","45","0.0","0.0",,,
"USC00198368","NWS BOSTON NORTON, MA US","2023-04-26","0.00","0.0","0.0","62","45","47","0.0","0.0",,,
"USC00198368","NWS BOSTON NORTON, MA US","2023-04-27","0.00","0.0","0.0","57","40","43","0.0","0.0",,,
"USC00198368","NWS BOSTON NORTON, MA US","2023-04-28","0.08","0.0","0.0","59","40","41","0.0","0.0",,,
"USC00198368","NWS BOSTON NORTON, MA US","2023-04-29","0.00","0.0","0.0","64","41","49","0.0","0.0",,,
"USC00198368","NWS BOSTON NORTON, MA US","2023-04-30","0.79","0.0","0.0","58","48","50","0.0","0.0",,,
"USC00198368","NWS BOSTON NORTON, MA US","2023-05-01","1.92","0.0","0.0","62","50","56","0.0","0.0",,,
"USC00198368","NWS BOSTON NORTON, MA US","2023-05-02","0.01","0.0","0.0","63","43","48",,,,,
"USC00198368","NWS BOSTON NORTON, MA US","2023-05-03","0.31","0.0","0.0","63","38","41","0.0","0.0","    1",,
"USC00198368","NWS BOSTON NORTON, MA US","2023-05-04","0.02","0.0","0.0","60","41","43","0.0","0.0",,,
"USC00198368","NWS BOSTON NORTON, MA US","2023-05-05","0.02","0.0","0.0","49","42","46","0.0","0.0",,,
"USC00198368","NWS BOSTON NORTON, MA US","2023-05-06","0.00","0.0","0.0","59","39","50","0.0","0.0",,,
"USC00198368","NWS BOSTON NORTON, MA US","2023-05-07","0.00","0.0","0.0","74","44","47","0.0","0.0",,,
"USC00198368","NWS BOSTON NORTON, MA US","2023-05-08","0.08","0.0","0.0","77","47","57","0.0","0.0",,,
"USC00198368","NWS BOSTON NORTON, MA US","2023-05-09","0.00","0.0","0.0","74","40","43","0.0","0.0",,,
"USC00198368","NWS BOSTON NORTON, MA US","2023-05-10","0.00","0.0","0.0","63","36","40",,,,,
"USC00198368","NWS BOSTON NORTON, MA US","2023-05-11","0.00","0.0","0.0","71","40","48","0.0","0.0",,,
"USC00198368","NWS BOSTON NORTON, MA US","2023-05-12","0.00","0.0","0.0","80","48","54",,,,,
"USC00198368","NWS BOSTON NORTON, MA US","2023-05-13","0.00","0.0","0.0","84","54","63","0.0",,,,
"USC00198368","NWS BOSTON NORTON, MA US","2023-05-14","0.00","0.0","0.0","81","45","51","0.0",,,,
"USC00198368","NWS BOSTON NORTON, MA US","2023-05-15","0.00","0.0","0.0","65","40","46","0.0","0.0",,,
"USC00198368","NWS BOSTON NORTON, MA US","2023-05-16","0.00","0.0","0.0","74","46","56","0.0","0.0",,,
"USC00198368","NWS BOSTON NORTON, MA US","2023-05-17","0.00","0.0","0.0","80","51","51","0.0","0.0",,,
"USC00198368","NWS BOSTON NORTON, MA US","2023-05-18","0.00","0.0","0.0","59","31","41",,,,,
"USC00198368","NWS BOSTON NORTON, MA US","2023-05-19","0.00","0.0","0.0","62","37","43",,,,,
"USC00198368","NWS BOSTON NORTON, MA US","2023-05-20","0.00","0.0","0.0","67","43","56",,,,,
"USC00198368","NWS BOSTON NORTON, MA US","2023-05-21","2.53","0.0","0.0","67","56","60",,,,,
"USC00198368","NWS BOSTON NORTON, MA US","2023-05-22","0.00","0.0","0.0","73","51","59",,,,,
"USC00198368","NWS BOSTON NORTON, MA US","2023-05-23","0.00","0.0","0.0","63","43","47","0.0","0.0",,,
"USC00198368","NWS BOSTON NORTON, MA US","2023-05-24","0.00","0.0","0.0","66","40","48","0.0","0.0",,,
"USC00198368","NWS BOSTON NORTON, MA US","2023-05-25","0.01","0.0","0.0","73","48","51","0.0","0.0",,,
"USC00198368","NWS BOSTON NORTON, MA US","2023-05-26","0.00","0.0","0.0","65","41","47","0.0","0.0",,,
"USC00198368","NWS BOSTON NORTON, MA US","2023-05-27","0.00","0.0","0.0","72","43","43","0.0","0.0",,,
"USC00198368","NWS BOSTON NORTON, MA US","2023-05-28","0.00","0.0","0.0","78","43","56","0.0","0.0",,,
"USC00198368","NWS BOSTON NORTON, MA US","2023-05-29","0.00","0.0","0.0","82","50","64","0.0","0.0",,,
"USC00198368","NWS BOSTON NORTON, MA US","2023-05-30","0.00","0.0","0.0","69","39","47",,,,,
"USC00198368","NWS BOSTON NORTON, MA US","2023-05-31","0.00","0.0","0.0","70","44","49","0.0","0.0",,,
"USC00198368","NWS BOSTON NORTON, MA US","2023-06-01","0.00","0.0","0.0","77","49","56",,"0.0",,,
"USC00198368","NWS BOSTON NORTON, MA US","2023-06-02","0.00","0.0","0.0","85","56","63","0.0","0.0",,,
"USC00198368","NWS BOSTON NORTON, MA US","2023-06-03","0.25","0.0","0.0","88","52","52",,,,,
"USC00198368","NWS BOSTON NORTON, MA US","2023-06-04","0.04","0.0","0.0","53","45","47",,,,,
"USC00198368","NWS BOSTON NORTON, MA US","2023-06-05","0.06","0.0","0.0","53","47","51",,,,,
"USC00198368","NWS BOSTON NORTON, MA US","2023-06-06","0.04","0.0","0.0","60","49","53","0.0","0.0",,,
"USC00198368","NWS BOSTON NORTON, MA US","2023-06-07","0.15","0.0","0.0","74","48","53",,"0.0",,"    1",
"USC00198368","NWS BOSTON NORTON, MA US","2023-06-08","0.00","0.0","0.0","65","49","54","0.0","0.0",,,
"USC00198368","NWS BOSTON NORTON, MA US","2023-06-09","0.00","0.0","0.0","66","45","51","0.0","0.0",,,
"USC00198368","NWS BOSTON NORTON, MA US","2023-06-10","0.24","0.0","0.0","68","49","53","0.0","0.0","    1",,
"USC00198368","NWS BOSTON NORTON, MA US","2023-06-11","0.01","0.0","0.0","69","50","54","0.0","0.0",,,
"USC00198368","NWS BOSTON NORTON, MA US","2023-06-12","0.00","0.0","0.0","81","54","61","0.0","0.0",,,
"USC00198368","NWS BOSTON NORTON, MA US","2023-06-13","0.17","0.0","0.0","78","61","64","0.0",,"    1",,
"USC00198368","NWS BOSTON NORTON, MA US","2023-06-14","0.00","0.0","0.0","79","59","61",,,,,
"USC00198368","NWS BOSTON NORTON, MA US","2023-06-15","0.13","0.0","0.0","80","56","60","0.0",,,"    1",
"USC00198368","NWS BOSTON NORTON, MA US","2023-06-16","0.00","0.0","0.0","76","56","60","0.0","0.0",,,
"USC00198368","NWS BOSTON NORTON, MA US","2023-06-17","0.00","0.0","0.0","82","60","61","0.0","0.0",,,
"USC00198368","NWS BOSTON NORTON, MA US","2023-06-18","0.83","0.0","0.0","65","55","60","0.0","0.0",,,
"USC00198368","NWS BOSTON NORTON, MA US","2023-06-19","0.03","0.0","0.0","71","56","58","0.0","0.0","    1",,
"USC00198368","NWS BOSTON NORTON, MA US","2023-06-20","0.00","0.0","0.0","69","51","55","0.0","0.0",,,
"USC00198368","NWS BOSTON NORTON, MA US","2023-06-21","0.00","0.0","0.0","74","50","58","0.0","0.0",,,
"USC00198368","NWS BOSTON NORTON, MA US","2023-06-22","0.00","0.0","0.0","71","50","57","0.0",,,,
"USC00198368","NWS BOSTON NORTON, MA US","2023-06-23","0.00","0.0","0.0","74","57","61","0.0","0.0","    1",,
"USC00198368","NWS BOSTON NORTON, MA US","2023-06-24","0.04","0.0","0.0","80","61","69","0.0","0.0","    1",,
"USC00198368","NWS BOSTON NORTON, MA US","2023-06-25","0.15","0.0","0.0","76","67","68","0.0","0.0","    1",,
"USC00198368","NWS BOSTON NORTON, MA US","2023-06-26","0.01","0.0","0.0","84","67","70","0.0","0.0","    1",,
"USC00198368","NWS BOSTON NORTON, MA US","2023-06-27","0.99","0.0","0.0","84","67","68","0.0","0.0",,"    1",
"USC00198368","NWS BOSTON NORTON, MA US","2023-06-28","0.30","0.0","0.0","77","67","68","0.0",,,,
"USC00198368","NWS BOSTON NORTON, MA US","2023-06-29","0.02","0.0","0.0","77","66","68",,,,,
"USC00198368","NWS BOSTON NORTON, MA US","2023-06-30","0.00","0.0","0.0","83","62","66",,,,,
"USC00198368","NWS BOSTON NORTON, MA US","2023-07-01","0.00","0.0","0.0","85","59","65","0.0",,,,
"USC00198368","NWS BOSTON NORTON, MA US","2023-07-02","0.00","0.0","0.0","83","64","66","0.0",,,,
"USC00198368","NWS BOSTON NORTON, MA US","2023-07-03","0.42","0.0","0.0","80","66","71","0.0","0.0",,,
"USC00198368","NWS BOSTON NORTON, MA US","2023-07-04","0.72","0.0","0.0","81","68","69","0.0","0.0",,,
"USC00198368","NWS BOSTON NORTON, MA US","2023-07-05","0.87","0.0","0.0","78","67","69","0.0","0.0",,"    1",
"USC00198368","NWS BOSTON NORTON, MA US","2023-07-06","0.00","0.0","0.0","87","69","71","0.0","0.0",,,
"USC00198368","NWS BOSTON NORTON, MA US","2023-07-07","0.00","0.0","0.0","90","70","71","0.0","0.0",,,
"USC00198368","NWS BOSTON NORTON, MA US","2023-07-08","0.00","0.0","0.0","85","71","73","0.0","0.0",,,
"USC00198368","NWS BOSTON NORTON, MA US","2023-07-09","0.16","0.0","0.0","87","70","71",,"0.0",,,
"USC00198368","NWS BOSTON NORTON, MA US","2023-07-10","0.02","0.0","0.0","82","70","70","0.0","0.0",,,
"USC00198368","NWS BOSTON NORTON, MA US","2023-07-11","1.08","0.0","0.0","75","63","65","0.0","0.0",,,
"USC00198368","NWS BOSTON NORTON, MA US","2023-07-12","0.00","0.0","0.0","84","65","67",,,,,
"USC00198368","NWS BOSTON NORTON, MA US","2023-07-13","0.00","0.0","0.0","89","67","72",,,,,
"USC00198368","NWS BOSTON NORTON, MA US","2023-07-14","1.10","0.0","0.0","89","67","68",,,,"    1",
"USC00198368","NWS BOSTON NORTON, MA US","2023-07-15","0.10","0.0","0.0","77","68","71",,,,,
"USC00198368","NWS BOSTON NORTON, MA US","2023-07-16","0.97","0.0","0.0","84","71","75","0.0","0.0",,,
"USC00198368","NWS BOSTON NORTON, MA US","2023-07-17","2.41","0.0","0.0","79","72","79","0.0","0.0",,,
"USC00198368","NWS BOSTON NORTON, MA US","2023-07-18","0.00","0.0","0.0","86","71","73",,,,,
"USC00198368","NWS BOSTON NORTON, MA US","2023-07-19","0.00","0.0","0.0","83","71","74","0.0","0.0",,,
"USC00198368","NWS BOSTON NORTON, MA US","2023-07-20","0.00","0.0","0.0","82","65","69","0.0","0.0",,,
"USC00198368","NWS BOSTON NORTON, MA US","2023-07-21","0.00","0.0","0.0","85","63","68","0.0","0.0",,,
"USC00198368","NWS BOSTON NORTON, MA US","2023-07-22","0.10","0.0","0.0","80","66","67","0.0","0.0",,,
"USC00198368","NWS BOSTON NORTON, MA US","2023-07-23","0.00","0.0","0.0","82","63","69","0.0","0.0",,,
"USC00198368","NWS BOSTON NORTON, MA US","2023-07-24","0.00","0.0","0.0","83","62","64","0.0","0.0",,,
"USC00198368","NWS BOSTON NORTON, MA US","2023-07-25","0.00","0.0","0.0","84","64","70","0.0","0.0",,,
"USC00198368","NWS BOSTON NORTON, MA US","2023-07-26","0.43","0.0","0.0","85","63","65","0.0","0.0",,,
"USC00198368","NWS BOSTON NORTON, MA US","2023-07-27","0.00","0.0","0.0","85","65","72","0.0","0.0",,,
"USC00198368","NWS BOSTON NORTON, MA US","2023-07-28","0.06","0.0","0.0","86","70","72","0.0","0.0",,,
"USC00198368","NWS BOSTON NORTON, MA US","2023-07-29","0.00","0.0","0.0","87","71","74",,"0.0",,,
"USC00198368","NWS BOSTON NORTON, MA US","2023-07-30","0.48","0.0","0.0","87","59","60","0.0","0.0",,"    1",
"USC00198368","NWS BOSTON NORTON, MA US","2023-07-31","0.00","0.0","0.0","74","55","58","0.0","0.0",,,
"USC00198368","NWS BOSTON NORTON, MA US","2023-08-01","0.00","0.0","0.0","81","58","61","0.0","0.0",,,
"USC00198368","NWS BOSTON NORTON, MA US","2023-08-02","0.00","0.0","0.0","75","52","57","0.0","0.0",,,
"USC00198368","NWS BOSTON NORTON, MA US","2023-08-03","0.00","0.0","0.0","74","54","58","0.0","0.0",,,
"USC00198368","NWS BOSTON NORTON, MA US","2023-08-04","0.00","0.0","0.0","80","58","65",,,,,
"USC00198368","NWS BOSTON NORTON, MA US","2023-08-05","0.00","0.0","0.0","78","65","68","0.0","0.0",,,
"USC00198368","NWS BOSTON NORTON, MA US","2023-08-06","0.00","0.0","0.0","82","57","60","0.0","0.0",,,
"USC00198368","NWS BOSTON NORTON, MA US","2023-08-07","0.00","0.0","0.0","81","60","62",,,,,
"USC00198368","NWS BOSTON NORTON, MA US","2023-08-08","0.13","0.0","0.0","74","62","74","0.0","0.0",,,
"USC00198368","NWS BOSTON NORTON, MA US","2023-08-09","0.65","0.0","0.0","82","67","70","0.0","0.0",,,
"USC00198368","NWS BOSTON NORTON, MA US","2023-08-10","0.00","0.0","0.0","81","60","62","0.0","0.0",,,
"USC00198368","NWS BOSTON NORTON, MA US","2023-08-11","0.01","0.0","0.0","83","62","66",,,,,
"USC00198368","NWS BOSTON NORTON, MA US","2023-08-12","0.00","0.0","0.0","81","55","57","0.0","0.0",,,
"USC00198368","NWS BOSTON NORTON, MA US","2023-08-13","0.00","0.0","0.0","84","57","71","0.0","0.0",,,
"USC00198368","NWS BOSTON NORTON, MA US","2023-08-14","0.42","0.0","0.0","83","61","63","0.0","0.0",,,
"USC00198368","NWS BOSTON NORTON, MA US","2023-08-15","0.18","0.0","0.0","81","63","69","0.0","0.0",,,
"USC00198368","NWS BOSTON NORTON, MA US","2023-08-16","0.08","0.0","0.0","71","66","66","0.0","0.0",,,
"USC00198368","NWS BOSTON NORTON, MA US","2023-08-17","0.01","0.0","0.0","71","65","66",,,,,
"USC00198368","NWS BOSTON NORTON, MA US","2023-08-19","1.01","0.0","0.0","79","55","58","0.0","0.0",,,
"USC00198368","NWS BOSTON NORTON, MA US","2023-08-20","0.00","0.0","0.0","75","56","57","0.0","0.0",,,
"USC00198368","NWS BOSTON NORTON, MA US","2023-08-21","0.00","0.0","0.0","80","57","63","0.0","0.0",,,
"USC00198368","NWS BOSTON NORTON, MA US","2023-08-22","0.15","0.0","0.0","83","61","62","0.0","0.0",,,
"USC00198368","NWS BOSTON NORTON, MA US","2023-08-23","0.00","0.0","0.0","76","53","55","0.0","0.0",,,
"USC00198368","NWS BOSTON NORTON, MA US","2023-08-24","0.00","0.0","0.0","75","52","54","0.0","0.0",,,
"USC00198368","NWS BOSTON NORTON, MA US","2023-08-25",,,,"78","54","64",,,,,
"USC00198368","NWS BOSTON NORTON, MA US","2023-08-26","0.62","0.0","0.0",,,"70",,,,,
"USC00198368","NWS BOSTON NORTON, MA US","2023-08-27","0.00","0.0","0.0","81","64","66",,,,,
"USC00198368","NWS BOSTON NORTON, MA US","2023-08-28","0.00","0.0","0.0","75","61","62","0.0","0.0",,,
"USC00198368","NWS BOSTON NORTON, MA US","2023-08-29","0.00","0.0","0.0","73","61","62",,,,,
"USC00198368","NWS BOSTON NORTON, MA US","2023-08-30","0.16","0.0","0.0","76","62","70","0.0","0.0",,,
"USC00198368","NWS BOSTON NORTON, MA US","2023-08-31","0.07","0.0","0.0","78","61","61","0.0","0.0",,,
"USC00198368","NWS BOSTON NORTON, MA US","2023-09-01","0.00","0.0","0.0","73","51","51",,,,,
"USC00198368","NWS BOSTON NORTON, MA US","2023-09-02","0.00","0.0","0.0","72","49","50",,"0.0",,,
"USC00198368","NWS BOSTON NORTON, MA US","2023-09-03","0.00","0.0","0.0","77","50","62","0.0","0.0",,,
"USC00198368","NWS BOSTON NORTON, MA US","2023-09-04",,,,"84","62","64",,,,,
"USC00198368","NWS BOSTON NORTON, MA US","2023-09-05",,,,"86","64","68",,,,,
